edge ID,source,target
0,0,4
1,2,5
2,3,6
3,0,7
4,2,8
5,0,9
6,0,10
7,3,11
8,3,12
9,0,13
10,3,14
11,1,15
12,0,16
13,1,17
14,1,18
15,1,19
16,1,20
17,1,21
18,0,22
19,1,23
20,2,24
21,3,25
22,0,26
23,0,27
24,3,28
25,0,29
26,0,30
27,3,31
28,26,32
29,31,33
30,31,34
31,24,35
32,0,36
33,5,37
34,18,38
35,10,39
36,2,40
37,16,41
38,4,42
39,26,43
40,23,44
41,24,45
42,24,46
43,15,47
44,23,48
45,14,49
46,28,50
47,23,51
48,21,52
49,11,53
50,30,54
51,15,55
52,20,56
53,18,57
54,9,58
55,26,59
56,6,60
57,9,61
58,19,62
59,3,63
60,31,64
61,24,65
62,29,66
63,8,67
64,3,68
65,10,69
66,0,70
67,14,71
68,31,72
69,1,73
70,19,74
71,27,75
72,5,76
73,16,77
74,17,78
75,14,79
76,17,80
77,18,81
78,10,82
79,13,83
80,16,84
81,29,85
82,2,86
83,27,87
84,21,88
85,6,89
86,25,90
87,4,91
88,7,92
89,24,93
90,7,94
91,8,95
92,12,96
93,13,97
94,30,98
95,8,99
96,27,100
97,26,101
98,14,102
99,25,103
100,13,104
101,23,105
102,26,106
103,54,107
104,50,108
105,41,109
106,91,110
107,69,111
108,74,112
109,41,113
110,14,114
111,56,115
112,103,116
113,2,117
114,57,118
115,14,119
116,76,120
117,21,121
118,43,122
119,93,123
120,36,124
121,35,125
122,45,126
123,88,127
124,9,128
125,51,129
126,2,130
127,23,131
128,2,132
129,93,133
130,7,134
131,26,135
132,23,136
133,30,137
134,71,138
135,79,139
136,69,140
137,104,141
138,36,142
139,64,143
140,56,144
141,64,145
142,51,146
143,24,147
144,90,148
145,10,149
146,65,150
147,38,151
148,86,152
149,33,153
150,62,154
151,96,155
152,99,156
153,3,157
154,20,158
155,65,159
156,89,160
157,92,161
158,88,162
159,59,163
160,84,164
161,27,165
162,22,166
163,74,167
164,65,168
165,23,169
166,80,170
167,54,171
168,40,172
169,25,173
170,98,174
171,85,175
172,67,176
173,8,177
174,30,178
175,66,179
176,49,180
177,95,181
178,46,182
179,36,183
180,91,184
181,63,185
182,30,186
183,42,187
184,83,188
185,35,189
186,37,190
187,21,191
188,25,192
189,23,193
190,30,194
191,71,195
192,26,196
193,92,197
194,91,198
195,3,199
196,63,200
197,15,201
198,59,202
199,87,203
200,70,204
201,36,205
202,6,206
203,6,207
204,1,208
205,24,209
206,6,210
207,21,211
208,21,212
209,20,213
210,84,214
211,5,215
212,11,216
213,38,217
214,99,218
215,23,219
216,92,220
217,93,221
218,58,222
219,20,223
220,101,224
221,29,225
222,11,226
223,4,227
224,72,228
225,32,229
226,50,230
227,100,231
228,20,232
229,90,233
230,70,234
231,56,235
232,32,236
233,22,237
234,15,238
235,37,239
236,63,240
237,29,241
238,13,242
239,68,243
240,31,244
241,18,245
242,36,246
243,94,247
244,93,248
245,6,249
246,41,250
247,32,251
248,54,252
249,69,253
250,147,254
251,37,255
252,68,256
253,37,257
254,133,258
255,108,259
256,71,260
257,202,261
258,123,262
259,119,263
260,221,264
261,168,265
262,11,266
263,14,267
264,66,268
265,144,269
266,81,270
267,171,271
268,64,272
269,91,273
270,37,274
271,207,275
272,42,276
273,168,277
274,38,278
275,29,279
276,222,280
277,135,281
278,21,282
279,122,283
280,33,284
281,52,285
282,132,286
283,203,287
284,103,288
285,19,289
286,137,290
287,118,291
288,60,292
289,251,293
290,83,294
291,84,295
292,193,296
293,217,297
294,131,298
295,116,299
296,215,300
297,225,301
298,37,302
299,246,303
300,9,304
301,14,305
302,143,306
303,83,307
304,217,308
305,209,309
306,95,310
307,173,311
308,247,312
309,108,313
310,18,314
311,162,315
312,164,316
313,252,317
314,59,318
315,62,319
316,219,320
317,62,321
318,27,322
319,8,323
320,87,324
321,89,325
322,10,326
323,30,327
324,64,328
325,41,329
326,93,330
327,125,331
328,22,332
329,7,333
330,110,334
331,20,335
332,83,336
333,211,337
334,124,338
335,57,339
336,137,340
337,161,341
338,48,342
339,252,343
340,133,344
341,145,345
342,108,346
343,131,347
344,25,348
345,241,349
346,219,350
347,116,351
348,89,352
349,203,353
350,211,354
351,129,355
352,117,356
353,249,357
354,212,358
355,138,359
356,105,360
357,155,361
358,51,362
359,38,363
360,93,364
361,143,365
362,222,366
363,89,367
364,77,368
365,181,369
366,125,370
367,77,371
368,202,372
369,46,373
370,228,374
371,20,375
372,174,376
373,119,377
374,175,378
375,52,379
376,117,380
377,57,381
378,173,382
379,15,383
380,189,384
381,155,385
382,245,386
383,201,387
384,161,388
385,84,389
386,74,390
387,138,391
388,20,392
389,174,393
390,193,394
391,191,395
392,217,396
393,115,397
394,213,398
395,179,399
396,201,400
397,66,401
398,136,402
399,8,403
400,234,404
401,130,405
402,174,406
403,59,407
404,33,408
405,37,409
406,166,410
407,239,411
408,72,412
409,246,413
410,163,414
411,3,415
412,195,416
413,196,417
414,7,418
415,225,419
416,91,420
417,241,421
418,85,422
419,245,423
420,80,424
421,19,425
422,156,426
423,178,427
424,164,428
425,168,429
426,251,430
427,144,431
428,220,432
429,132,433
430,180,434
431,40,435
432,253,436
433,83,437
434,101,438
435,87,439
436,50,440
437,132,441
438,7,442
439,101,443
440,51,444
441,104,445
442,224,446
443,109,447
444,120,448
445,110,449
446,184,450
447,79,451
448,139,452
449,147,453
450,175,454
451,23,455
452,10,456
453,136,457
454,23,458
455,158,459
456,6,460
457,124,461
458,201,462
459,65,463
460,195,464
461,97,465
462,137,466
463,203,467
464,169,468
465,37,469
466,240,470
467,229,471
468,74,472
469,239,473
470,217,474
471,190,475
472,102,476
473,89,477
474,116,478
475,90,479
476,131,480
477,46,481
478,74,482
479,198,483
480,248,484
481,16,485
482,221,486
483,55,487
484,213,488
485,120,489
486,10,490
487,204,491
488,12,492
489,170,493
490,96,494
491,162,495
492,234,496
493,148,497
494,86,498
495,236,499
496,2,500
497,47,501
498,72,502
499,86,503
500,0,504
501,15,505
502,212,506
503,212,507
504,241,508
505,32,509
506,68,510
507,10,511
508,5,512
509,142,513
510,34,514
511,36,515
512,63,516
513,247,517
514,115,518
515,142,519
516,252,520
517,227,521
518,114,522
519,58,523
520,41,524
521,96,525
522,59,526
523,222,527
524,134,528
525,17,529
526,219,530
527,31,531
528,79,532
529,132,533
530,103,534
531,15,535
532,151,536
533,44,537
534,242,538
535,76,539
536,176,540
537,112,541
538,45,542
539,226,543
540,42,544
541,11,545
542,72,546
543,26,547
544,60,548
545,27,549
546,158,550
547,156,551
548,110,552
549,145,553
550,138,554
551,219,555
552,22,556
553,152,557
554,136,558
555,171,559
556,137,560
557,88,561
558,80,562
559,56,563
560,208,564
561,81,565
562,251,566
563,110,567
564,0,568
565,13,569
566,106,570
567,123,571
568,92,572
569,115,573
570,215,574
571,5,575
572,208,576
573,55,577
574,93,578
575,226,579
576,224,580
577,120,581
578,191,582
579,80,583
580,215,584
581,79,585
582,93,586
583,248,587
584,89,588
585,138,589
586,170,590
587,119,591
588,105,592
589,246,593
590,243,594
591,54,595
592,223,596
593,102,597
594,15,598
595,55,599
596,201,600
597,24,601
598,141,602
599,216,603
600,162,604
601,160,605
602,150,606
603,152,607
604,142,608
605,216,609
606,174,610
607,146,611
608,72,612
609,250,613
610,171,614
611,79,615
612,178,616
613,105,617
614,3,618
615,15,619
616,230,620
617,211,621
618,90,622
619,140,623
620,55,624
621,122,625
622,582,626
623,114,627
624,115,628
625,334,629
626,412,630
627,98,631
628,569,632
629,412,633
630,158,634
631,178,635
632,481,636
633,43,637
634,248,638
635,312,639
636,373,640
637,160,641
638,192,642
639,493,643
640,453,644
641,143,645
642,495,646
643,61,647
644,364,648
645,400,649
646,106,650
647,222,651
648,575,652
649,586,653
650,105,654
651,254,655
652,179,656
653,328,657
654,480,658
655,65,659
656,21,660
657,525,661
658,284,662
659,390,663
660,514,664
661,397,665
662,355,666
663,131,667
664,213,668
665,191,669
666,187,670
667,465,671
668,411,672
669,20,673
670,509,674
671,103,675
672,89,676
673,495,677
674,108,678
675,150,679
676,450,680
677,544,681
678,227,682
679,543,683
680,253,684
681,81,685
682,503,686
683,66,687
684,398,688
685,104,689
686,192,690
687,185,691
688,340,692
689,592,693
690,68,694
691,445,695
692,399,696
693,273,697
694,325,698
695,545,699
696,63,700
697,399,701
698,298,702
699,403,703
700,177,704
701,205,705
702,135,706
703,502,707
704,115,708
705,116,709
706,237,710
707,171,711
708,180,712
709,589,713
710,527,714
711,559,715
712,98,716
713,606,717
714,309,718
715,441,719
716,89,720
717,323,721
718,496,722
719,412,723
720,361,724
721,410,725
722,171,726
723,19,727
724,133,728
725,229,729
726,463,730
727,372,731
728,257,732
729,23,733
730,121,734
731,599,735
732,545,736
733,164,737
734,612,738
735,486,739
736,441,740
737,515,741
738,349,742
739,561,743
740,365,744
741,418,745
742,331,746
743,348,747
744,557,748
745,126,749
746,277,750
747,7,751
748,52,752
749,621,753
750,155,754
751,103,755
752,582,756
753,444,757
754,100,758
755,423,759
756,258,760
757,47,761
758,31,762
759,460,763
760,285,764
761,417,765
762,275,766
763,336,767
764,424,768
765,428,769
766,376,770
767,442,771
768,47,772
769,582,773
770,36,774
771,282,775
772,579,776
773,344,777
774,300,778
775,264,779
776,232,780
777,275,781
778,192,782
779,239,783
780,438,784
781,306,785
782,376,786
783,484,787
784,30,788
785,334,789
786,509,790
787,315,791
788,545,792
789,549,793
790,263,794
791,555,795
792,493,796
793,241,797
794,50,798
795,402,799
796,243,800
797,25,801
798,364,802
799,372,803
800,319,804
801,469,805
802,570,806
803,156,807
804,329,808
805,411,809
806,179,810
807,25,811
808,481,812
809,604,813
810,310,814
811,439,815
812,133,816
813,20,817
814,70,818
815,312,819
816,255,820
817,371,821
818,461,822
819,585,823
820,124,824
821,525,825
822,229,826
823,500,827
824,449,828
825,26,829
826,622,830
827,120,831
828,36,832
829,287,833
830,233,834
831,138,835
832,487,836
833,119,837
834,440,838
835,508,839
836,311,840
837,561,841
838,377,842
839,414,843
840,418,844
841,496,845
842,318,846
843,445,847
844,367,848
845,119,849
846,245,850
847,96,851
848,503,852
849,108,853
850,310,854
851,35,855
852,304,856
853,251,857
854,577,858
855,181,859
856,162,860
857,350,861
858,565,862
859,394,863
860,464,864
861,49,865
862,457,866
863,359,867
864,328,868
865,298,869
866,92,870
867,134,871
868,165,872
869,552,873
870,299,874
871,127,875
872,49,876
873,23,877
874,356,878
875,279,879
876,408,880
877,183,881
878,63,882
879,125,883
880,229,884
881,50,885
882,521,886
883,519,887
884,327,888
885,625,889
886,622,890
887,282,891
888,324,892
889,366,893
890,130,894
891,587,895
892,407,896
893,593,897
894,443,898
895,8,899
896,229,900
897,554,901
898,283,902
899,586,903
900,529,904
901,591,905
902,595,906
903,299,907
904,517,908
905,438,909
906,164,910
907,511,911
908,430,912
909,608,913
910,142,914
911,28,915
912,131,916
913,233,917
914,26,918
915,552,919
916,285,920
917,213,921
918,41,922
919,515,923
920,159,924
921,395,925
922,166,926
923,511,927
924,511,928
925,68,929
926,502,930
927,387,931
928,585,932
929,548,933
930,478,934
931,312,935
932,222,936
933,252,937
934,541,938
935,556,939
936,582,940
937,327,941
938,473,942
939,314,943
940,155,944
941,388,945
942,261,946
943,554,947
944,15,948
945,599,949
946,315,950
947,161,951
948,370,952
949,390,953
950,108,954
951,383,955
952,583,956
953,448,957
954,273,958
955,466,959
956,175,960
957,558,961
958,537,962
959,266,963
960,209,964
961,243,965
962,326,966
963,259,967
964,462,968
965,10,969
966,235,970
967,457,971
968,212,972
969,55,973
970,277,974
971,53,975
972,100,976
973,397,977
974,406,978
975,263,979
976,474,980
977,110,981
978,208,982
979,55,983
980,408,984
981,294,985
982,380,986
983,586,987
984,579,988
985,399,989
986,144,990
987,551,991
988,305,992
989,191,993
990,472,994
991,241,995
992,361,996
993,186,997
994,373,998
995,57,999
996,371,1000
997,79,1001
998,343,1002
999,313,1003
1000,578,1004
1001,194,1005
1002,162,1006
1003,610,1007
1004,97,1008
1005,377,1009
1006,210,1010
1007,2,1011
1008,488,1012
1009,444,1013
1010,348,1014
1011,134,1015
1012,258,1016
1013,538,1017
1014,243,1018
1015,58,1019
1016,307,1020
1017,240,1021
1018,66,1022
1019,288,1023
1020,379,1024
1021,35,1025
1022,310,1026
1023,45,1027
1024,411,1028
1025,530,1029
1026,263,1030
1027,79,1031
1028,18,1032
1029,30,1033
1030,134,1034
1031,370,1035
1032,268,1036
1033,496,1037
1034,439,1038
1035,335,1039
1036,336,1040
1037,540,1041
1038,605,1042
1039,324,1043
1040,439,1044
1041,182,1045
1042,185,1046
1043,313,1047
1044,90,1048
1045,598,1049
1046,23,1050
1047,247,1051
1048,538,1052
1049,165,1053
1050,103,1054
1051,121,1055
1052,270,1056
1053,215,1057
1054,153,1058
1055,152,1059
1056,440,1060
1057,214,1061
1058,214,1062
1059,66,1063
1060,11,1064
1061,349,1065
1062,416,1066
1063,461,1067
1064,609,1068
1065,572,1069
1066,126,1070
1067,254,1071
1068,270,1072
1069,197,1073
1070,507,1074
1071,493,1075
1072,557,1076
1073,450,1077
1074,292,1078
1075,27,1079
1076,104,1080
1077,284,1081
1078,181,1082
1079,338,1083
1080,455,1084
1081,582,1085
1082,343,1086
1083,132,1087
1084,138,1088
1085,1,1089
1086,40,1090
1087,505,1091
1088,404,1092
1089,80,1093
1090,437,1094
1091,245,1095
1092,397,1096
1093,405,1097
1094,134,1098
1095,471,1099
1096,76,1100
1097,155,1101
1098,528,1102
1099,97,1103
1100,360,1104
1101,294,1105
1102,548,1106
1103,396,1107
1104,104,1108
1105,462,1109
1106,152,1110
1107,5,1111
1108,22,1112
1109,148,1113
1110,347,1114
1111,53,1115
1112,218,1116
1113,436,1117
1114,558,1118
1115,176,1119
1116,159,1120
1117,612,1121
1118,494,1122
1119,352,1123
1120,204,1124
1121,503,1125
1122,235,1126
1123,605,1127
1124,422,1128
1125,116,1129
1126,305,1130
1127,624,1131
1128,135,1132
1129,79,1133
1130,544,1134
1131,615,1135
1132,358,1136
1133,496,1137
1134,235,1138
1135,222,1139
1136,1,1140
1137,350,1141
1138,93,1142
1139,49,1143
1140,178,1144
1141,126,1145
1142,543,1146
1143,434,1147
1144,536,1148
1145,624,1149
1146,587,1150
1147,54,1151
1148,107,1152
1149,592,1153
1150,536,1154
1151,196,1155
1152,429,1156
1153,612,1157
1154,298,1158
1155,64,1159
1156,37,1160
1157,509,1161
1158,521,1162
1159,216,1163
1160,240,1164
1161,486,1165
1162,370,1166
1163,328,1167
1164,613,1168
1165,0,1169
1166,161,1170
1167,110,1171
1168,122,1172
1169,451,1173
1170,209,1174
1171,317,1175
1172,264,1176
1173,6,1177
1174,159,1178
1175,169,1179
1176,414,1180
1177,432,1181
1178,137,1182
1179,181,1183
1180,169,1184
1181,83,1185
1182,62,1186
1183,619,1187
1184,197,1188
1185,128,1189
1186,187,1190
1187,202,1191
1188,473,1192
1189,433,1193
1190,986,1194
1191,104,1195
1192,839,1196
1193,1083,1197
1194,823,1198
1195,433,1199
1196,187,1200
1197,618,1201
1198,821,1202
1199,1154,1203
1200,42,1204
1201,600,1205
1202,1036,1206
1203,217,1207
1204,137,1208
1205,468,1209
1206,39,1210
1207,152,1211
1208,681,1212
1209,371,1213
1210,491,1214
1211,244,1215
1212,676,1216
1213,1131,1217
1214,216,1218
1215,1120,1219
1216,880,1220
1217,303,1221
1218,936,1222
1219,630,1223
1220,207,1224
1221,1034,1225
1222,497,1226
1223,366,1227
1224,205,1228
1225,86,1229
1226,805,1230
1227,793,1231
1228,1029,1232
1229,912,1233
1230,401,1234
1231,16,1235
1232,372,1236
1233,631,1237
1234,1069,1238
1235,1056,1239
1236,339,1240
1237,891,1241
1238,922,1242
1239,621,1243
1240,742,1244
1241,387,1245
1242,127,1246
1243,291,1247
1244,42,1248
1245,1079,1249
1246,40,1250
1247,468,1251
1248,16,1252
1249,89,1253
1250,101,1254
1251,529,1255
1252,578,1256
1253,459,1257
1254,615,1258
1255,1017,1259
1256,898,1260
1257,100,1261
1258,811,1262
1259,312,1263
1260,850,1264
1261,932,1265
1262,671,1266
1263,790,1267
1264,808,1268
1265,269,1269
1266,750,1270
1267,151,1271
1268,353,1272
1269,815,1273
1270,160,1274
1271,118,1275
1272,888,1276
1273,118,1277
1274,1112,1278
1275,610,1279
1276,379,1280
1277,1107,1281
1278,823,1282
1279,198,1283
1280,1112,1284
1281,965,1285
1282,200,1286
1283,97,1287
1284,1147,1288
1285,756,1289
1286,687,1290
1287,867,1291
1288,702,1292
1289,705,1293
1290,615,1294
1291,697,1295
1292,119,1296
1293,622,1297
1294,510,1298
1295,757,1299
1296,321,1300
1297,505,1301
1298,1070,1302
1299,143,1303
1300,1085,1304
1301,648,1305
1302,955,1306
1303,292,1307
1304,420,1308
1305,25,1309
1306,326,1310
1307,1124,1311
1308,13,1312
1309,280,1313
1310,1162,1314
1311,1148,1315
1312,36,1316
1313,431,1317
1314,662,1318
1315,1027,1319
1316,322,1320
1317,178,1321
1318,1105,1322
1319,880,1323
1320,1028,1324
1321,1184,1325
1322,1004,1326
1323,875,1327
1324,947,1328
1325,356,1329
1326,119,1330
1327,774,1331
1328,1019,1332
1329,386,1333
1330,910,1334
1331,218,1335
1332,483,1336
1333,170,1337
1334,350,1338
1335,530,1339
1336,434,1340
1337,1119,1341
1338,354,1342
1339,1115,1343
1340,417,1344
1341,849,1345
1342,1015,1346
1343,1010,1347
1344,120,1348
1345,424,1349
1346,120,1350
1347,991,1351
1348,535,1352
1349,621,1353
1350,17,1354
1351,1139,1355
1352,1032,1356
1353,202,1357
1354,1163,1358
1355,226,1359
1356,139,1360
1357,857,1361
1358,1016,1362
1359,75,1363
1360,165,1364
1361,1190,1365
1362,826,1366
1363,34,1367
1364,281,1368
1365,111,1369
1366,248,1370
1367,296,1371
1368,390,1372
1369,707,1373
1370,1058,1374
1371,96,1375
1372,58,1376
1373,1154,1377
1374,814,1378
1375,820,1379
1376,1130,1380
1377,435,1381
1378,101,1382
1379,1028,1383
1380,471,1384
1381,1120,1385
1382,1055,1386
1383,527,1387
1384,752,1388
1385,152,1389
1386,74,1390
1387,262,1391
1388,14,1392
1389,228,1393
1390,564,1394
1391,341,1395
1392,763,1396
1393,72,1397
1394,63,1398
1395,736,1399
1396,501,1400
1397,1032,1401
1398,935,1402
1399,383,1403
1400,952,1404
1401,376,1405
1402,380,1406
1403,814,1407
1404,519,1408
1405,1009,1409
1406,825,1410
1407,845,1411
1408,1187,1412
1409,0,1413
1410,744,1414
1411,294,1415
1412,981,1416
1413,163,1417
1414,726,1418
1415,563,1419
1416,704,1420
1417,716,1421
1418,504,1422
1419,840,1423
1420,1009,1424
1421,846,1425
1422,40,1426
1423,362,1427
1424,455,1428
1425,233,1429
1426,547,1430
1427,428,1431
1428,354,1432
1429,1151,1433
1430,1085,1434
1431,528,1435
1432,400,1436
1433,195,1437
1434,945,1438
1435,286,1439
1436,707,1440
1437,576,1441
1438,600,1442
1439,297,1443
1440,317,1444
1441,210,1445
1442,1136,1446
1443,14,1447
1444,256,1448
1445,929,1449
1446,483,1450
1447,235,1451
1448,749,1452
1449,196,1453
1450,993,1454
1451,996,1455
1452,709,1456
1453,1176,1457
1454,37,1458
1455,182,1459
1456,9,1460
1457,795,1461
1458,1172,1462
1459,636,1463
1460,415,1464
1461,359,1465
1462,446,1466
1463,173,1467
1464,25,1468
1465,879,1469
1466,236,1470
1467,749,1471
1468,279,1472
1469,131,1473
1470,600,1474
1471,571,1475
1472,616,1476
1473,154,1477
1474,318,1478
1475,948,1479
1476,872,1480
1477,935,1481
1478,293,1482
1479,257,1483
1480,523,1484
1481,1064,1485
1482,878,1486
1483,296,1487
1484,918,1488
1485,369,1489
1486,250,1490
1487,573,1491
1488,723,1492
1489,259,1493
1490,582,1494
1491,204,1495
1492,530,1496
1493,766,1497
1494,565,1498
1495,346,1499
1496,266,1500
1497,78,1501
1498,361,1502
1499,665,1503
1500,562,1504
1501,186,1505
1502,586,1506
1503,683,1507
1504,1110,1508
1505,803,1509
1506,843,1510
1507,577,1511
1508,210,1512
1509,1073,1513
1510,250,1514
1511,524,1515
1512,528,1516
1513,683,1517
1514,219,1518
1515,947,1519
1516,56,1520
1517,294,1521
1518,433,1522
1519,1125,1523
1520,419,1524
1521,376,1525
1522,729,1526
1523,1131,1527
1524,610,1528
1525,760,1529
1526,83,1530
1527,684,1531
1528,991,1532
1529,1005,1533
1530,945,1534
1531,1010,1535
1532,1165,1536
1533,1056,1537
1534,95,1538
1535,953,1539
1536,95,1540
1537,652,1541
1538,864,1542
1539,53,1543
1540,703,1544
1541,231,1545
1542,409,1546
1543,677,1547
1544,514,1548
1545,1057,1549
1546,191,1550
1547,255,1551
1548,42,1552
1549,755,1553
1550,978,1554
1551,467,1555
1552,1028,1556
1553,1036,1557
1554,1174,1558
1555,840,1559
1556,1104,1560
1557,995,1561
1558,408,1562
1559,783,1563
1560,662,1564
1561,9,1565
1562,655,1566
1563,692,1567
1564,734,1568
1565,396,1569
1566,36,1570
1567,463,1571
1568,621,1572
1569,1058,1573
1570,904,1574
1571,399,1575
1572,509,1576
1573,1030,1577
1574,943,1578
1575,261,1579
1576,934,1580
1577,923,1581
1578,759,1582
1579,160,1583
1580,988,1584
1581,237,1585
1582,66,1586
1583,364,1587
1584,909,1588
1585,989,1589
1586,253,1590
1587,390,1591
1588,337,1592
1589,294,1593
1590,866,1594
1591,460,1595
1592,39,1596
1593,648,1597
1594,1044,1598
1595,86,1599
1596,933,1600
1597,127,1601
1598,1096,1602
1599,997,1603
1600,1041,1604
1601,1018,1605
1602,374,1606
1603,1149,1607
1604,172,1608
1605,183,1609
1606,221,1610
1607,278,1611
1608,9,1612
1609,1177,1613
1610,942,1614
1611,520,1615
1612,161,1616
1613,753,1617
1614,729,1618
1615,422,1619
1616,858,1620
1617,380,1621
1618,449,1622
1619,1028,1623
1620,310,1624
1621,1249,1625
1622,480,1626
1623,311,1627
1624,231,1628
1625,651,1629
1626,637,1630
1627,1240,1631
1628,777,1632
1629,1428,1633
1630,1334,1634
1631,175,1635
1632,105,1636
1633,1304,1637
1634,410,1638
1635,772,1639
1636,468,1640
1637,835,1641
1638,1297,1642
1639,862,1643
1640,1268,1644
1641,911,1645
1642,1391,1646
1643,85,1647
1644,1155,1648
1645,807,1649
1646,765,1650
1647,192,1651
1648,1266,1652
1649,846,1653
1650,630,1654
1651,1100,1655
1652,621,1656
1653,1297,1657
1654,199,1658
1655,585,1659
1656,893,1660
1657,1443,1661
1658,800,1662
1659,1223,1663
1660,221,1664
1661,1050,1665
1662,1395,1666
1663,563,1667
1664,1312,1668
1665,631,1669
1666,1051,1670
1667,56,1671
1668,1592,1672
1669,991,1673
1670,168,1674
1671,998,1675
1672,1448,1676
1673,1085,1677
1674,459,1678
1675,202,1679
1676,595,1680
1677,765,1681
1678,397,1682
1679,327,1683
1680,112,1684
1681,3,1685
1682,607,1686
1683,1003,1687
1684,833,1688
1685,992,1689
1686,1211,1690
1687,853,1691
1688,1195,1692
1689,179,1693
1690,118,1694
1691,982,1695
1692,562,1696
1693,681,1697
1694,935,1698
1695,596,1699
1696,84,1700
1697,670,1701
1698,1243,1702
1699,1004,1703
1700,657,1704
1701,1424,1705
1702,727,1706
1703,1214,1707
1704,689,1708
1705,1061,1709
1706,756,1710
1707,106,1711
1708,156,1712
1709,759,1713
1710,1064,1714
1711,1513,1715
1712,140,1716
1713,426,1717
1714,844,1718
1715,1541,1719
1716,1549,1720
1717,790,1721
1718,1158,1722
1719,429,1723
1720,1593,1724
1721,815,1725
1722,1424,1726
1723,1092,1727
1724,458,1728
1725,345,1729
1726,189,1730
1727,88,1731
1728,1598,1732
1729,1001,1733
1730,158,1734
1731,1389,1735
1732,1136,1736
1733,1068,1737
1734,1611,1738
1735,1098,1739
1736,15,1740
1737,278,1741
1738,250,1742
1739,1067,1743
1740,765,1744
1741,672,1745
1742,431,1746
1743,1505,1747
1744,1199,1748
1745,916,1749
1746,1335,1750
1747,1603,1751
1748,1221,1752
1749,535,1753
1750,551,1754
1751,861,1755
1752,456,1756
1753,990,1757
1754,342,1758
1755,1289,1759
1756,161,1760
1757,873,1761
1758,1296,1762
1759,445,1763
1760,779,1764
1761,1599,1765
1762,468,1766
1763,240,1767
1764,1563,1768
1765,737,1769
1766,325,1770
1767,98,1771
1768,606,1772
1769,354,1773
1770,189,1774
1771,1180,1775
1772,89,1776
1773,760,1777
1774,710,1778
1775,734,1779
1776,333,1780
1777,517,1781
1778,1324,1782
1779,1105,1783
1780,424,1784
1781,684,1785
1782,591,1786
1783,951,1787
1784,1118,1788
1785,440,1789
1786,1596,1790
1787,1142,1791
1788,1591,1792
1789,1292,1793
1790,1588,1794
1791,536,1795
1792,1208,1796
1793,1087,1797
1794,841,1798
1795,1328,1799
1796,1303,1800
1797,948,1801
1798,143,1802
1799,433,1803
1800,1085,1804
1801,1073,1805
1802,867,1806
1803,1581,1807
1804,919,1808
1805,967,1809
1806,1446,1810
1807,137,1811
1808,1303,1812
1809,697,1813
1810,332,1814
1811,766,1815
1812,1182,1816
1813,148,1817
1814,1219,1818
1815,1161,1819
1816,639,1820
1817,1452,1821
1818,689,1822
1819,831,1823
1820,1169,1824
1821,823,1825
1822,761,1826
1823,1001,1827
1824,378,1828
1825,1410,1829
1826,1392,1830
1827,1059,1831
1828,942,1832
1829,1413,1833
1830,1004,1834
1831,1460,1835
1832,1247,1836
1833,554,1837
1834,715,1838
1835,145,1839
1836,935,1840
1837,982,1841
1838,1496,1842
1839,687,1843
1840,280,1844
1841,1240,1845
1842,519,1846
1843,586,1847
1844,912,1848
1845,1410,1849
1846,696,1850
1847,1286,1851
1848,1040,1852
1849,1233,1853
1850,1448,1854
1851,96,1855
1852,596,1856
1853,1376,1857
1854,186,1858
1855,1346,1859
1856,448,1860
1857,249,1861
1858,1075,1862
1859,546,1863
1860,987,1864
1861,1393,1865
1862,484,1866
1863,170,1867
1864,976,1868
1865,1466,1869
1866,702,1870
1867,1323,1871
1868,510,1872
1869,514,1873
1870,508,1874
1871,152,1875
1872,928,1876
1873,147,1877
1874,216,1878
1875,1355,1879
1876,180,1880
1877,497,1881
1878,487,1882
1879,1141,1883
1880,86,1884
1881,177,1885
1882,232,1886
1883,471,1887
1884,1594,1888
1885,914,1889
1886,1148,1890
1887,798,1891
1888,396,1892
1889,436,1893
1890,151,1894
1891,1500,1895
1892,86,1896
1893,1142,1897
1894,1444,1898
1895,128,1899
1896,657,1900
1897,1512,1901
1898,227,1902
1899,757,1903
1900,1586,1904
1901,1004,1905
1902,473,1906
1903,1338,1907
1904,701,1908
1905,1601,1909
1906,77,1910
1907,1098,1911
1908,1169,1912
1909,1112,1913
1910,511,1914
1911,1480,1915
1912,965,1916
1913,399,1917
1914,1048,1918
1915,1405,1919
1916,944,1920
1917,874,1921
1918,1199,1922
1919,1090,1923
1920,247,1924
1921,774,1925
1922,325,1926
1923,822,1927
1924,337,1928
1925,930,1929
1926,1417,1930
1927,625,1931
1928,581,1932
1929,71,1933
1930,664,1934
1931,736,1935
1932,323,1936
1933,373,1937
1934,174,1938
1935,184,1939
1936,317,1940
1937,258,1941
1938,1466,1942
1939,372,1943
1940,443,1944
1941,1232,1945
1942,582,1946
1943,1452,1947
1944,929,1948
1945,1326,1949
1946,1131,1950
1947,829,1951
1948,839,1952
1949,1475,1953
1950,488,1954
1951,1087,1955
1952,402,1956
1953,1012,1957
1954,1250,1958
1955,1332,1959
1956,1313,1960
1957,1384,1961
1958,1230,1962
1959,20,1963
1960,1321,1964
1961,645,1965
1962,959,1966
1963,557,1967
1964,1067,1968
1965,227,1969
1966,655,1970
1967,285,1971
1968,851,1972
1969,1332,1973
1970,399,1974
1971,850,1975
1972,402,1976
1973,836,1977
1974,828,1978
1975,1086,1979
1976,1915,1980
1977,421,1981
1978,558,1982
1979,1119,1983
1980,1388,1984
1981,1350,1985
1982,1913,1986
1983,1903,1987
1984,34,1988
1985,1319,1989
1986,986,1990
1987,609,1991
1988,1637,1992
1989,812,1993
1990,46,1994
1991,903,1995
1992,603,1996
1993,267,1997
1994,1394,1998
1995,695,1999
1996,822,2000
1997,1703,2001
1998,885,2002
1999,1720,2003
2000,1963,2004
2001,137,2005
2002,349,2006
2003,1138,2007
2004,1834,2008
2005,781,2009
2006,971,2010
2007,190,2011
2008,1921,2012
2009,82,2013
2010,101,2014
2011,1354,2015
2012,1424,2016
2013,132,2017
2014,25,2018
2015,894,2019
2016,1367,2020
2017,91,2021
2018,703,2022
2019,1434,2023
2020,773,2024
2021,819,2025
2022,1601,2026
2023,1054,2027
2024,1397,2028
2025,797,2029
2026,153,2030
2027,1089,2031
2028,1883,2032
2029,1799,2033
2030,231,2034
2031,1929,2035
2032,1819,2036
2033,540,2037
2034,498,2038
2035,1294,2039
2036,1108,2040
2037,1148,2041
2038,366,2042
2039,727,2043
2040,1609,2044
2041,1678,2045
2042,590,2046
2043,1652,2047
2044,985,2048
2045,1523,2049
2046,1555,2050
2047,1372,2051
2048,17,2052
2049,1434,2053
2050,234,2054
2051,944,2055
2052,404,2056
2053,1154,2057
2054,342,2058
2055,347,2059
2056,1159,2060
2057,394,2061
2058,87,2062
2059,1502,2063
2060,713,2064
2061,1755,2065
2062,119,2066
2063,526,2067
2064,987,2068
2065,1256,2069
2066,549,2070
2067,702,2071
2068,504,2072
2069,1284,2073
2070,1944,2074
2071,905,2075
2072,392,2076
2073,766,2077
2074,1170,2078
2075,1282,2079
2076,997,2080
2077,1147,2081
2078,570,2082
2079,925,2083
2080,1376,2084
2081,102,2085
2082,209,2086
2083,749,2087
2084,693,2088
2085,1582,2089
2086,1869,2090
2087,227,2091
2088,1196,2092
2089,877,2093
2090,164,2094
2091,1869,2095
2092,1630,2096
2093,955,2097
2094,648,2098
2095,1397,2099
2096,1317,2100
2097,233,2101
2098,653,2102
2099,1402,2103
2100,1951,2104
2101,423,2105
2102,1435,2106
2103,1671,2107
2104,10,2108
2105,1265,2109
2106,936,2110
2107,1862,2111
2108,605,2112
2109,168,2113
2110,1664,2114
2111,1228,2115
2112,1942,2116
2113,1103,2117
2114,509,2118
2115,1767,2119
2116,1433,2120
2117,485,2121
2118,583,2122
2119,1955,2123
2120,1007,2124
2121,1585,2125
2122,496,2126
2123,623,2127
2124,1556,2128
2125,1717,2129
2126,1729,2130
2127,1095,2131
2128,1798,2132
2129,1141,2133
2130,1256,2134
2131,1156,2135
2132,1336,2136
2133,1442,2137
2134,66,2138
2135,182,2139
2136,735,2140
2137,748,2141
2138,1953,2142
2139,1189,2143
2140,519,2144
2141,1231,2145
2142,1277,2146
2143,801,2147
2144,1745,2148
2145,765,2149
2146,919,2150
2147,623,2151
2148,7,2152
2149,1431,2153
2150,902,2154
2151,1664,2155
2152,150,2156
2153,1813,2157
2154,1772,2158
2155,1516,2159
2156,16,2160
2157,1514,2161
2158,1740,2162
2159,1667,2163
2160,1393,2164
2161,1430,2165
2162,531,2166
2163,1922,2167
2164,1763,2168
2165,543,2169
2166,303,2170
2167,146,2171
2168,532,2172
2169,931,2173
2170,1256,2174
2171,222,2175
2172,462,2176
2173,688,2177
2174,309,2178
2175,1707,2179
2176,373,2180
2177,1168,2181
2178,390,2182
2179,591,2183
2180,340,2184
2181,73,2185
2182,1820,2186
2183,751,2187
2184,799,2188
2185,1496,2189
2186,1900,2190
2187,1136,2191
2188,1209,2192
2189,773,2193
2190,1890,2194
2191,1875,2195
2192,1198,2196
2193,1181,2197
2194,156,2198
2195,636,2199
2196,561,2200
2197,1517,2201
2198,43,2202
2199,1298,2203
2200,1239,2204
2201,196,2205
2202,1244,2206
2203,1702,2207
2204,565,2208
2205,1360,2209
2206,170,2210
2207,1401,2211
2208,1887,2212
2209,682,2213
2210,1748,2214
2211,1846,2215
2212,1402,2216
2213,197,2217
2214,17,2218
2215,1556,2219
2216,223,2220
2217,1181,2221
2218,32,2222
2219,40,2223
2220,685,2224
2221,550,2225
2222,152,2226
2223,934,2227
2224,410,2228
2225,1373,2229
2226,1629,2230
2227,417,2231
2228,386,2232
2229,143,2233
2230,1782,2234
2231,613,2235
2232,1062,2236
2233,1657,2237
2234,1884,2238
2235,1958,2239
2236,75,2240
2237,307,2241
2238,1967,2242
2239,601,2243
2240,1176,2244
2241,1528,2245
2242,515,2246
2243,1521,2247
2244,1836,2248
2245,1667,2249
2246,1321,2250
2247,1694,2251
2248,1092,2252
2249,875,2253
2250,944,2254
2251,979,2255
2252,1778,2256
2253,579,2257
2254,1649,2258
2255,1789,2259
2256,1897,2260
2257,1220,2261
2258,1953,2262
2259,673,2263
2260,1290,2264
2261,1724,2265
2262,418,2266
2263,1565,2267
2264,891,2268
2265,372,2269
2266,1377,2270
2267,1821,2271
2268,1592,2272
2269,159,2273
2270,128,2274
2271,2077,2275
2272,1481,2276
2273,279,2277
2274,1369,2278
2275,727,2279
2276,663,2280
2277,2110,2281
2278,2265,2282
2279,1424,2283
2280,1711,2284
2281,1304,2285
2282,1039,2286
2283,1663,2287
2284,631,2288
2285,572,2289
2286,955,2290
2287,916,2291
2288,832,2292
2289,748,2293
2290,8,2294
2291,389,2295
2292,1723,2296
2293,377,2297
2294,1759,2298
2295,403,2299
2296,1790,2300
2297,60,2301
2298,2043,2302
2299,804,2303
2300,1290,2304
2301,1126,2305
2302,613,2306
2303,186,2307
2304,1612,2308
2305,282,2309
2306,974,2310
2307,1104,2311
2308,928,2312
2309,1800,2313
2310,1123,2314
2311,1069,2315
2312,1978,2316
2313,885,2317
2314,1595,2318
2315,1006,2319
2316,2063,2320
2317,575,2321
2318,411,2322
2319,502,2323
2320,1692,2324
2321,1381,2325
2322,2025,2326
2323,2091,2327
2324,259,2328
2325,1350,2329
2326,1727,2330
2327,129,2331
2328,162,2332
2329,1448,2333
2330,568,2334
2331,937,2335
2332,659,2336
2333,689,2337
2334,1233,2338
2335,2234,2339
2336,827,2340
2337,2137,2341
2338,656,2342
2339,2061,2343
2340,1692,2344
2341,2075,2345
2342,1972,2346
2343,1031,2347
2344,1405,2348
2345,1592,2349
2346,1322,2350
2347,224,2351
2348,748,2352
2349,1792,2353
2350,2012,2354
2351,1260,2355
2352,136,2356
2353,792,2357
2354,1879,2358
2355,279,2359
2356,395,2360
2357,466,2361
2358,595,2362
2359,655,2363
2360,976,2364
2361,163,2365
2362,642,2366
2363,1521,2367
2364,1819,2368
2365,2023,2369
2366,1192,2370
2367,298,2371
2368,478,2372
2369,833,2373
2370,35,2374
2371,1331,2375
2372,1848,2376
2373,1819,2377
2374,364,2378
2375,2050,2379
2376,2183,2380
2377,1518,2381
2378,97,2382
2379,425,2383
2380,1144,2384
2381,1268,2385
2382,1164,2386
2383,1591,2387
2384,0,2388
2385,1703,2389
2386,736,2390
2387,714,2391
2388,1044,2392
2389,1419,2393
2390,926,2394
2391,1724,2395
2392,2055,2396
2393,673,2397
2394,2179,2398
2395,2083,2399
2396,521,2400
2397,120,2401
2398,1844,2402
2399,2015,2403
2400,2177,2404
2401,738,2405
2402,1895,2406
2403,970,2407
2404,279,2408
2405,2064,2409
2406,311,2410
2407,29,2411
2408,240,2412
2409,1953,2413
2410,944,2414
2411,1399,2415
2412,36,2416
2413,62,2417
2414,1196,2418
2415,334,2419
2416,2111,2420
2417,33,2421
2418,1359,2422
2419,489,2423
2420,1997,2424
2421,1923,2425
2422,2048,2426
2423,2071,2427
2424,1754,2428
2425,1855,2429
2426,1209,2430
2427,1444,2431
2428,1070,2432
2429,547,2433
2430,666,2434
2431,1015,2435
2432,10,2436
2433,288,2437
2434,1464,2438
2435,560,2439
2436,1729,2440
2437,349,2441
2438,1374,2442
2439,1122,2443
2440,608,2444
2441,2112,2445
2442,97,2446
2443,956,2447
2444,690,2448
2445,537,2449
2446,1921,2450
2447,2016,2451
2448,166,2452
2449,2186,2453
2450,848,2454
2451,1185,2455
2452,1250,2456
2453,340,2457
2454,209,2458
2455,1446,2459
2456,1069,2460
2457,1891,2461
2458,737,2462
2459,620,2463
2460,2238,2464
2461,802,2465
2462,1015,2466
2463,1529,2467
2464,1624,2468
2465,1531,2469
2466,265,2470
2467,1398,2471
2468,786,2472
2469,1991,2473
2470,1235,2474
2471,2233,2475
2472,1750,2476
2473,210,2477
2474,1487,2478
2475,2234,2479
2476,1823,2480
2477,628,2481
2478,1998,2482
2479,2103,2483
2480,758,2484
2481,1250,2485
2482,2087,2486
2483,2428,2487
2484,897,2488
2485,2437,2489
2486,1947,2490
2487,1670,2491
2488,1392,2492
2489,2204,2493
2490,1073,2494
2491,506,2495
2492,1174,2496
2493,626,2497
2494,1116,2498
2495,900,2499
2496,970,2500
2497,2157,2501
2498,86,2502
2499,836,2503
2500,409,2504
2501,684,2505
2502,483,2506
2503,490,2507
2504,1426,2508
2505,2243,2509
2506,868,2510
2507,647,2511
2508,2062,2512
2509,388,2513
2510,1882,2514
2511,428,2515
2512,855,2516
2513,1597,2517
2514,1131,2518
2515,63,2519
2516,213,2520
2517,2044,2521
2518,2107,2522
2519,668,2523
2520,1500,2524
2521,2383,2525
2522,681,2526
2523,559,2527
2524,923,2528
2525,468,2529
2526,1602,2530
2527,1072,2531
2528,2186,2532
2529,1313,2533
2530,695,2534
2531,1427,2535
2532,1011,2536
2533,432,2537
2534,2472,2538
2535,709,2539
2536,709,2540
2537,325,2541
2538,2451,2542
2539,2470,2543
2540,1724,2544
2541,1870,2545
2542,1291,2546
2543,151,2547
2544,1682,2548
2545,2096,2549
2546,1054,2550
2547,571,2551
2548,1625,2552
2549,1577,2553
2550,1897,2554
2551,552,2555
2552,1901,2556
2553,1727,2557
2554,2362,2558
2555,121,2559
2556,894,2560
2557,1169,2561
2558,1774,2562
2559,2444,2563
2560,1147,2564
2561,2239,2565
2562,1984,2566
2563,1324,2567
2564,1231,2568
2565,1087,2569
2566,172,2570
2567,1033,2571
2568,1753,2572
2569,2453,2573
2570,1930,2574
2571,1101,2575
2572,2427,2576
2573,1158,2577
2574,310,2578
2575,415,2579
2576,1657,2580
2577,835,2581
2578,1560,2582
2579,2448,2583
2580,1765,2584
2581,842,2585
2582,2466,2586
2583,1379,2587
2584,1374,2588
2585,1991,2589
2586,1232,2590
2587,87,2591
2588,1408,2592
2589,793,2593
2590,2275,2594
2591,795,2595
2592,1005,2596
2593,1750,2597
2594,1090,2598
2595,1137,2599
2596,606,2600
2597,410,2601
2598,1483,2602
2599,2256,2603
2600,91,2604
2601,709,2605
2602,2302,2606
2603,2253,2607
2604,1159,2608
2605,564,2609
2606,1926,2610
2607,1123,2611
2608,1478,2612
2609,1245,2613
2610,2319,2614
2611,1418,2615
2612,136,2616
2613,2071,2617
2614,1773,2618
2615,2164,2619
2616,1840,2620
2617,236,2621
2618,2363,2622
2619,2003,2623
2620,2377,2624
2621,807,2625
2622,572,2626
2623,221,2627
2624,190,2628
2625,255,2629
2626,458,2630
2627,994,2631
2628,963,2632
2629,56,2633
2630,2238,2634
2631,93,2635
2632,1868,2636
2633,2141,2637
2634,2134,2638
2635,1878,2639
2636,1795,2640
2637,1604,2641
2638,1375,2642
2639,2141,2643
2640,123,2644
2641,2408,2645
2642,2401,2646
2643,1035,2647
2644,110,2648
2645,2341,2649
2646,694,2650
2647,2455,2651
2648,1931,2652
2649,1186,2653
2650,1941,2654
2651,1836,2655
2652,2143,2656
2653,1641,2657
2654,1317,2658
2655,317,2659
2656,1388,2660
2657,215,2661
2658,2432,2662
2659,2479,2663
2660,2357,2664
2661,149,2665
2662,1332,2666
2663,605,2667
2664,659,2668
2665,6,2669
2666,2577,2670
2667,1803,2671
2668,2356,2672
2669,1619,2673
2670,606,2674
2671,1665,2675
2672,498,2676
2673,601,2677
2674,1899,2678
2675,1157,2679
2676,1360,2680
2677,2408,2681
2678,2336,2682
2679,1697,2683
2680,2008,2684
2681,2240,2685
2682,450,2686
2683,2369,2687
2684,1494,2688
2685,1983,2689
2686,657,2690
2687,165,2691
2688,432,2692
2689,1969,2693
2690,5,2694
2691,1978,2695
2692,5,2696
2693,2212,2697
2694,125,2698
2695,1147,2699
2696,694,2700
2697,499,2701
2698,987,2702
2699,248,2703
2700,1639,2704
2701,805,2705
2702,2399,2706
2703,1360,2707
2704,564,2708
2705,2488,2709
2706,285,2710
2707,1776,2711
2708,2379,2712
2709,704,2713
2710,1389,2714
2711,550,2715
2712,970,2716
2713,756,2717
2714,815,2718
2715,831,2719
2716,2251,2720
2717,1291,2721
2718,1107,2722
2719,408,2723
2720,2275,2724
2721,461,2725
2722,1912,2726
2723,342,2727
2724,205,2728
2725,923,2729
2726,920,2730
2727,1149,2731
2728,2633,2732
2729,1260,2733
2730,1492,2734
2731,997,2735
2732,2382,2736
2733,1881,2737
2734,1833,2738
2735,58,2739
2736,2593,2740
2737,2193,2741
2738,1935,2742
2739,429,2743
2740,1324,2744
2741,752,2745
2742,292,2746
2743,46,2747
2744,1329,2748
2745,784,2749
2746,1765,2750
2747,2562,2751
2748,1015,2752
2749,1551,2753
2750,851,2754
2751,2414,2755
2752,2231,2756
2753,2135,2757
2754,1684,2758
2755,827,2759
2756,2248,2760
2757,965,2761
2758,340,2762
2759,1770,2763
2760,583,2764
2761,890,2765
2762,895,2766
2763,1349,2767
2764,91,2768
2765,1332,2769
2766,66,2770
2767,409,2771
2768,2486,2772
2769,1658,2773
2770,862,2774
2771,1642,2775
2772,1917,2776
2773,487,2777
2774,681,2778
2775,2032,2779
2776,1323,2780
2777,133,2781
2778,411,2782
2779,1345,2783
2780,1826,2784
2781,859,2785
2782,744,2786
2783,938,2787
2784,909,2788
2785,960,2789
2786,436,2790
2787,1758,2791
2788,788,2792
2789,2524,2793
2790,1255,2794
2791,2112,2795
2792,1364,2796
2793,1313,2797
2794,2148,2798
2795,1898,2799
2796,964,2800
2797,615,2801
2798,846,2802
2799,1887,2803
2800,60,2804
2801,1255,2805
2802,2381,2806
2803,1530,2807
2804,569,2808
2805,1270,2809
2806,66,2810
2807,566,2811
2808,1782,2812
2809,2042,2813
2810,2587,2814
2811,1789,2815
2812,1183,2816
2813,2618,2817
2814,499,2818
2815,581,2819
2816,923,2820
2817,2038,2821
2818,96,2822
2819,126,2823
2820,2512,2824
2821,1885,2825
2822,1872,2826
2823,2032,2827
2824,1206,2828
2825,2591,2829
2826,2604,2830
2827,1393,2831
2828,590,2832
2829,1363,2833
2830,2474,2834
2831,980,2835
2832,1321,2836
2833,283,2837
2834,61,2838
2835,1713,2839
2836,2705,2840
2837,2539,2841
2838,2096,2842
2839,1093,2843
2840,2608,2844
2841,2284,2845
2842,2654,2846
2843,2636,2847
2844,84,2848
2845,1919,2849
2846,1260,2850
2847,1243,2851
2848,964,2852
2849,1822,2853
2850,2415,2854
2851,1380,2855
2852,843,2856
2853,1879,2857
2854,231,2858
2855,1275,2859
2856,459,2860
2857,58,2861
2858,2474,2862
2859,1561,2863
2860,2546,2864
2861,2326,2865
2862,2138,2866
2863,280,2867
2864,312,2868
2865,206,2869
2866,1903,2870
2867,1884,2871
2868,2346,2872
2869,20,2873
2870,2621,2874
2871,511,2875
2872,1542,2876
2873,1700,2877
2874,1571,2878
2875,1343,2879
2876,128,2880
2877,1281,2881
2878,447,2882
2879,1351,2883
2880,347,2884
2881,1914,2885
2882,750,2886
2883,2710,2887
2884,2118,2888
2885,1663,2889
2886,996,2890
2887,1163,2891
2888,1268,2892
2889,277,2893
2890,1266,2894
2891,574,2895
2892,1910,2896
2893,314,2897
2894,200,2898
2895,2048,2899
2896,1650,2900
2897,2617,2901
2898,1253,2902
2899,6,2903
2900,2123,2904
2901,1583,2905
2902,2696,2906
2903,125,2907
2904,972,2908
2905,1804,2909
2906,1911,2910
2907,1972,2911
2908,1869,2912
2909,308,2913
2910,2104,2914
2911,816,2915
2912,481,2916
2913,2750,2917
2914,1383,2918
2915,669,2919
2916,752,2920
2917,2413,2921
2918,933,2922
2919,667,2923
2920,175,2924
2921,2505,2925
2922,1341,2926
2923,941,2927
2924,764,2928
2925,1150,2929
2926,2313,2930
2927,580,2931
2928,2,2932
2929,804,2933
2930,1698,2934
2931,2093,2935
2932,2251,2936
2933,218,2937
2934,2507,2938
2935,1918,2939
2936,2758,2940
2937,261,2941
2938,629,2942
2939,959,2943
2940,1149,2944
2941,381,2945
2942,1968,2946
2943,810,2947
2944,474,2948
2945,2648,2949
2946,1846,2950
2947,1609,2951
2948,2429,2952
2949,744,2953
2950,444,2954
2951,786,2955
2952,2236,2956
2953,1529,2957
2954,2787,2958
2955,1270,2959
2956,2450,2960
2957,2234,2961
2958,275,2962
2959,1831,2963
2960,2696,2964
2961,1551,2965
2962,2042,2966
2963,2176,2967
2964,1946,2968
2965,2070,2969
2966,1282,2970
2967,1870,2971
2968,2238,2972
2969,2053,2973
2970,1601,2974
2971,2693,2975
2972,711,2976
2973,1314,2977
2974,567,2978
2975,2577,2979
2976,581,2980
2977,1943,2981
2978,2602,2982
2979,496,2983
2980,2868,2984
2981,676,2985
2982,1614,2986
2983,2366,2987
2984,247,2988
2985,462,2989
2986,2178,2990
2987,660,2991
2988,2653,2992
2989,2644,2993
2990,863,2994
2991,2539,2995
2992,2303,2996
2993,2047,2997
2994,2026,2998
2995,1190,2999
2996,301,3000
2997,1519,3001
2998,1985,3002
2999,1611,3003
3000,794,3004
3001,1441,3005
3002,2230,3006
3003,1310,3007
3004,815,3008
3005,1658,3009
3006,2436,3010
3007,2773,3011
3008,1091,3012
3009,2672,3013
3010,2803,3014
3011,947,3015
3012,1735,3016
3013,1226,3017
3014,1646,3018
3015,544,3019
3016,1905,3020
3017,1464,3021
3018,124,3022
3019,919,3023
3020,122,3024
3021,1411,3025
3022,497,3026
3023,2522,3027
3024,2580,3028
3025,1604,3029
3026,648,3030
3027,1772,3031
3028,443,3032
3029,636,3033
3030,2461,3034
3031,2919,3035
3032,454,3036
3033,2605,3037
3034,1749,3038
3035,1481,3039
3036,1623,3040
3037,1959,3041
3038,18,3042
3039,860,3043
3040,2004,3044
